,Value1,Value2,Value3,Value4,Value5,Value6
0,88.0,49.0,21.0,556.0,58.0,734.0
1,88.0,49.0,21.0,556.0,58.0,734.0
2,88.0,48.0,20.0,556.0,57.0,734.0
3,88.0,48.0,22.0,556.0,58.0,734.0
4,88.0,49.0,22.0,556.0,58.0,735.0
5,89.0,48.0,20.0,557.0,58.0,735.0
6,88.0,48.0,22.0,556.0,57.0,736.0
7,89.0,49.0,21.0,557.0,58.0,734.0
8,88.0,50.0,21.0,557.0,58.0,734.0
9,88.0,49.0,21.0,557.0,59.0,735.0
10,87.0,49.0,21.0,556.0,58.0,736.0
11,89.0,48.0,22.0,557.0,59.0,736.0
12,89.0,48.0,21.0,557.0,58.0,734.0
13,88.0,49.0,22.0,557.0,58.0,736.0
14,88.0,49.0,22.0,557.0,58.0,736.0
15,88.0,48.0,21.0,557.0,59.0,736.0
16,88.0,48.0,22.0,557.0,58.0,735.0
17,88.0,48.0,21.0,557.0,58.0,735.0
18,88.0,50.0,21.0,557.0,58.0,735.0
19,88.0,50.0,22.0,557.0,58.0,736.0
20,89.0,47.0,21.0,557.0,58.0,735.0
21,89.0,50.0,21.0,556.0,59.0,736.0
22,88.0,48.0,21.0,557.0,58.0,733.0
23,88.0,48.0,21.0,557.0,58.0,734.0
24,89.0,50.0,20.0,556.0,58.0,735.0
25,88.0,50.0,21.0,556.0,58.0,735.0
26,88.0,48.0,21.0,557.0,59.0,735.0
27,89.0,48.0,21.0,556.0,58.0,734.0
28,88.0,49.0,21.0,557.0,58.0,736.0
29,88.0,48.0,22.0,557.0,57.0,735.0
30,89.0,49.0,21.0,556.0,58.0,734.0
31,88.0,48.0,21.0,557.0,58.0,735.0
32,88.0,49.0,22.0,557.0,58.0,734.0
33,89.0,50.0,22.0,556.0,58.0,734.0
34,88.0,48.0,20.0,556.0,57.0,735.0
35,88.0,49.0,21.0,557.0,59.0,735.0
36,88.0,48.0,21.0,556.0,58.0,735.0
37,89.0,47.0,21.0,556.0,58.0,735.0
38,88.0,48.0,22.0,556.0,59.0,735.0
39,88.0,49.0,21.0,557.0,59.0,736.0
40,88.0,49.0,21.0,557.0,58.0,735.0
41,88.0,49.0,22.0,557.0,58.0,736.0
42,87.0,47.0,21.0,556.0,58.0,736.0
43,89.0,49.0,22.0,557.0,58.0,735.0
44,88.0,49.0,21.0,556.0,57.0,736.0
45,89.0,48.0,20.0,556.0,58.0,736.0
46,88.0,49.0,21.0,557.0,58.0,735.0
47,88.0,50.0,20.0,557.0,58.0,735.0
48,88.0,49.0,21.0,557.0,59.0,735.0
49,88.0,49.0,21.0,556.0,57.0,736.0
50,89.0,50.0,21.0,557.0,58.0,736.0
51,89.0,48.0,22.0,557.0,58.0,736.0
52,88.0,49.0,20.0,557.0,58.0,736.0
53,88.0,48.0,21.0,556.0,59.0,736.0
54,87.0,47.0,21.0,557.0,58.0,736.0
55,88.0,48.0,22.0,556.0,58.0,736.0
56,87.0,48.0,21.0,556.0,58.0,735.0
57,88.0,48.0,21.0,556.0,58.0,735.0
58,88.0,49.0,21.0,556.0,57.0,736.0
59,88.0,49.0,21.0,556.0,58.0,735.0
60,88.0,48.0,20.0,557.0,58.0,734.0
61,88.0,49.0,22.0,557.0,58.0,735.0
62,88.0,48.0,21.0,556.0,58.0,735.0
63,89.0,50.0,22.0,557.0,58.0,736.0
64,89.0,49.0,21.0,556.0,57.0,735.0
65,88.0,49.0,21.0,556.0,58.0,735.0
66,88.0,49.0,22.0,557.0,59.0,736.0
67,88.0,49.0,22.0,557.0,59.0,736.0
68,87.0,50.0,22.0,556.0,57.0,736.0
69,88.0,50.0,21.0,558.0,58.0,736.0
70,89.0,48.0,22.0,557.0,58.0,736.0
71,88.0,48.0,20.0,557.0,57.0,735.0
72,89.0,50.0,21.0,557.0,58.0,736.0
73,88.0,49.0,22.0,556.0,58.0,736.0
74,89.0,50.0,21.0,558.0,58.0,736.0
75,89.0,50.0,21.0,556.0,58.0,736.0
76,87.0,48.0,22.0,556.0,57.0,735.0
77,89.0,48.0,21.0,556.0,58.0,736.0
78,88.0,50.0,21.0,557.0,58.0,735.0
79,87.0,50.0,21.0,556.0,58.0,736.0
80,88.0,49.0,21.0,557.0,58.0,736.0
81,88.0,49.0,21.0,557.0,58.0,736.0
82,88.0,50.0,21.0,557.0,58.0,736.0
83,88.0,49.0,21.0,557.0,58.0,735.0
84,88.0,50.0,21.0,556.0,59.0,735.0
85,89.0,50.0,22.0,557.0,58.0,735.0
86,88.0,49.0,22.0,557.0,58.0,736.0
87,89.0,51.0,22.0,557.0,58.0,735.0
88,88.0,50.0,21.0,556.0,57.0,735.0
89,88.0,50.0,22.0,556.0,58.0,735.0
90,88.0,49.0,21.0,557.0,57.0,735.0
91,89.0,49.0,21.0,556.0,58.0,735.0
92,88.0,50.0,22.0,556.0,59.0,736.0
93,87.0,49.0,21.0,557.0,58.0,736.0
94,87.0,49.0,22.0,557.0,58.0,735.0
95,88.0,50.0,21.0,556.0,58.0,735.0
96,88.0,48.0,22.0,557.0,58.0,735.0
97,88.0,49.0,21.0,557.0,58.0,734.0
98,88.0,50.0,21.0,556.0,58.0,736.0
99,88.0,49.0,21.0,557.0,58.0,736.0
100,88.0,50.0,20.0,556.0,58.0,736.0
101,88.0,50.0,21.0,557.0,57.0,736.0
102,88.0,50.0,21.0,557.0,58.0,736.0
103,89.0,50.0,22.0,556.0,58.0,735.0
104,88.0,51.0,22.0,556.0,58.0,736.0
105,88.0,50.0,22.0,556.0,59.0,736.0
106,88.0,50.0,21.0,557.0,58.0,736.0
107,88.0,50.0,20.0,556.0,58.0,735.0
108,89.0,48.0,20.0,557.0,58.0,735.0
109,89.0,48.0,22.0,557.0,59.0,735.0
110,88.0,50.0,20.0,557.0,58.0,735.0
111,89.0,50.0,20.0,557.0,59.0,735.0
112,88.0,50.0,22.0,557.0,57.0,736.0
113,88.0,49.0,21.0,557.0,58.0,735.0
114,88.0,49.0,22.0,556.0,59.0,736.0
115,88.0,49.0,21.0,557.0,59.0,736.0
116,89.0,49.0,21.0,556.0,59.0,736.0
117,89.0,49.0,20.0,556.0,58.0,736.0
118,89.0,49.0,20.0,557.0,58.0,735.0
119,88.0,48.0,22.0,557.0,58.0,735.0
120,89.0,50.0,22.0,557.0,58.0,736.0
121,88.0,50.0,21.0,557.0,58.0,735.0
122,88.0,48.0,22.0,556.0,58.0,735.0
123,88.0,49.0,20.0,557.0,58.0,735.0
124,88.0,49.0,21.0,557.0,59.0,736.0
125,89.0,50.0,21.0,557.0,59.0,736.0
126,89.0,49.0,20.0,557.0,59.0,736.0
127,88.0,48.0,20.0,557.0,59.0,736.0
128,88.0,51.0,21.0,557.0,59.0,735.0
129,87.0,50.0,21.0,557.0,58.0,736.0
130,89.0,49.0,22.0,557.0,58.0,735.0
131,88.0,50.0,21.0,556.0,58.0,735.0
132,87.0,50.0,21.0,557.0,59.0,735.0
133,88.0,49.0,21.0,556.0,58.0,735.0
134,89.0,49.0,22.0,557.0,58.0,735.0
135,88.0,50.0,21.0,557.0,58.0,735.0
136,88.0,49.0,20.0,557.0,59.0,736.0
137,88.0,49.0,20.0,556.0,59.0,736.0
138,88.0,50.0,21.0,556.0,58.0,735.0
139,89.0,49.0,22.0,557.0,58.0,736.0
140,88.0,49.0,21.0,556.0,58.0,736.0
141,88.0,49.0,21.0,556.0,58.0,736.0
142,89.0,49.0,21.0,557.0,58.0,736.0
143,88.0,50.0,21.0,557.0,58.0,736.0
144,88.0,50.0,21.0,556.0,57.0,735.0
145,88.0,50.0,22.0,556.0,59.0,736.0
146,88.0,48.0,21.0,557.0,59.0,736.0
147,88.0,50.0,21.0,556.0,58.0,735.0
148,89.0,49.0,22.0,556.0,58.0,735.0
149,88.0,48.0,21.0,556.0,58.0,736.0
150,88.0,50.0,20.0,556.0,57.0,736.0
151,89.0,49.0,21.0,556.0,58.0,736.0
152,88.0,50.0,21.0,556.0,57.0,736.0
153,89.0,48.0,21.0,556.0,58.0,736.0
154,88.0,50.0,22.0,556.0,58.0,736.0
155,89.0,50.0,21.0,557.0,58.0,736.0
156,89.0,49.0,20.0,556.0,58.0,735.0
157,89.0,50.0,21.0,557.0,57.0,736.0
158,88.0,48.0,21.0,557.0,59.0,736.0
159,88.0,49.0,21.0,557.0,59.0,735.0
160,88.0,50.0,21.0,557.0,59.0,735.0
161,89.0,49.0,21.0,557.0,57.0,735.0
162,88.0,50.0,22.0,557.0,59.0,735.0
163,88.0,50.0,21.0,557.0,58.0,736.0
164,88.0,49.0,22.0,556.0,58.0,735.0
165,88.0,50.0,21.0,556.0,58.0,736.0
166,88.0,49.0,22.0,556.0,59.0,735.0
167,88.0,49.0,21.0,557.0,59.0,735.0
168,89.0,50.0,20.0,556.0,57.0,736.0
169,89.0,49.0,21.0,556.0,57.0,736.0
170,89.0,50.0,21.0,557.0,58.0,735.0
171,88.0,48.0,21.0,556.0,58.0,735.0
172,88.0,49.0,21.0,557.0,58.0,735.0
173,89.0,48.0,22.0,557.0,59.0,736.0
174,89.0,48.0,21.0,556.0,59.0,736.0
175,88.0,49.0,22.0,557.0,57.0,736.0
176,89.0,50.0,21.0,557.0,58.0,736.0
177,89.0,49.0,22.0,556.0,58.0,736.0
178,88.0,48.0,22.0,556.0,58.0,736.0
179,87.0,49.0,21.0,557.0,58.0,735.0
180,88.0,49.0,22.0,557.0,58.0,736.0
181,88.0,48.0,20.0,556.0,59.0,736.0
182,88.0,49.0,21.0,557.0,58.0,736.0
183,89.0,48.0,21.0,557.0,59.0,735.0
184,88.0,48.0,21.0,557.0,57.0,736.0
185,89.0,49.0,21.0,557.0,58.0,736.0
186,88.0,49.0,21.0,556.0,59.0,736.0
187,88.0,49.0,22.0,557.0,59.0,735.0
188,89.0,48.0,21.0,557.0,58.0,736.0
189,88.0,48.0,21.0,556.0,58.0,736.0
190,88.0,49.0,21.0,557.0,58.0,736.0
191,89.0,47.0,21.0,556.0,58.0,735.0
192,88.0,49.0,22.0,557.0,57.0,736.0
193,87.0,48.0,22.0,556.0,58.0,736.0
194,89.0,50.0,22.0,557.0,59.0,736.0
195,87.0,49.0,21.0,557.0,59.0,736.0
196,89.0,49.0,20.0,557.0,58.0,736.0
197,88.0,50.0,21.0,556.0,58.0,735.0
198,89.0,49.0,22.0,556.0,59.0,736.0
199,88.0,49.0,21.0,556.0,57.0,736.0
200,89.0,49.0,21.0,556.0,58.0,735.0
201,88.0,49.0,21.0,556.0,58.0,735.0
202,88.0,48.0,21.0,557.0,58.0,736.0
203,89.0,48.0,22.0,556.0,58.0,736.0
204,89.0,48.0,21.0,557.0,58.0,736.0
205,89.0,50.0,20.0,557.0,59.0,736.0
206,88.0,49.0,22.0,557.0,58.0,736.0
207,89.0,47.0,22.0,556.0,59.0,735.0
208,88.0,48.0,21.0,556.0,57.0,736.0
209,89.0,49.0,22.0,556.0,58.0,736.0
210,88.0,50.0,21.0,556.0,59.0,735.0
211,89.0,50.0,22.0,557.0,58.0,736.0
212,89.0,48.0,22.0,556.0,57.0,735.0
213,88.0,48.0,21.0,556.0,58.0,736.0
214,88.0,48.0,21.0,557.0,58.0,736.0
215,88.0,48.0,21.0,557.0,58.0,736.0
216,89.0,48.0,21.0,557.0,58.0,737.0
217,88.0,47.0,21.0,556.0,57.0,736.0
218,88.0,50.0,22.0,556.0,57.0,736.0
219,88.0,49.0,20.0,557.0,59.0,735.0
220,87.0,49.0,21.0,558.0,59.0,736.0
221,88.0,49.0,22.0,556.0,58.0,735.0
222,88.0,50.0,21.0,557.0,59.0,735.0
223,88.0,49.0,22.0,556.0,58.0,736.0
224,88.0,48.0,21.0,556.0,59.0,736.0
225,88.0,48.0,21.0,557.0,58.0,735.0
226,88.0,49.0,22.0,556.0,57.0,736.0
227,88.0,49.0,21.0,556.0,58.0,736.0
228,88.0,49.0,21.0,557.0,58.0,735.0
229,88.0,48.0,21.0,557.0,58.0,737.0
230,88.0,48.0,21.0,557.0,58.0,737.0
231,88.0,49.0,22.0,557.0,58.0,736.0
232,89.0,48.0,22.0,557.0,58.0,736.0
233,88.0,48.0,21.0,557.0,59.0,735.0
234,88.0,50.0,22.0,557.0,58.0,736.0
235,88.0,48.0,20.0,557.0,58.0,734.0
236,87.0,48.0,22.0,556.0,57.0,736.0
237,88.0,49.0,22.0,556.0,59.0,736.0
238,88.0,49.0,21.0,557.0,58.0,736.0
239,88.0,48.0,20.0,556.0,59.0,736.0
240,88.0,47.0,21.0,557.0,58.0,736.0
241,89.0,48.0,21.0,557.0,58.0,735.0
242,88.0,50.0,22.0,557.0,58.0,736.0
243,88.0,49.0,22.0,556.0,58.0,735.0
244,88.0,50.0,21.0,557.0,58.0,735.0
245,87.0,49.0,20.0,557.0,58.0,735.0
246,88.0,49.0,21.0,557.0,58.0,736.0
247,88.0,50.0,21.0,556.0,58.0,734.0
248,88.0,50.0,21.0,557.0,58.0,736.0
249,88.0,50.0,20.0,557.0,59.0,736.0
250,88.0,50.0,21.0,557.0,58.0,736.0
251,88.0,48.0,21.0,557.0,58.0,736.0
252,88.0,49.0,22.0,556.0,58.0,736.0
253,88.0,49.0,21.0,557.0,59.0,736.0
254,87.0,49.0,22.0,556.0,58.0,736.0
255,87.0,50.0,22.0,557.0,59.0,736.0
256,88.0,50.0,22.0,556.0,57.0,735.0
257,88.0,49.0,20.0,557.0,58.0,735.0
258,88.0,49.0,20.0,556.0,58.0,736.0
259,88.0,51.0,21.0,557.0,58.0,736.0
260,88.0,49.0,22.0,557.0,57.0,735.0
261,89.0,49.0,21.0,557.0,58.0,736.0
262,88.0,49.0,22.0,557.0,59.0,736.0
263,87.0,49.0,20.0,557.0,59.0,736.0
264,89.0,49.0,21.0,557.0,58.0,735.0
265,88.0,49.0,21.0,557.0,57.0,736.0
266,88.0,50.0,22.0,556.0,57.0,736.0
267,88.0,50.0,22.0,557.0,58.0,737.0
268,88.0,49.0,21.0,556.0,58.0,736.0
269,89.0,49.0,20.0,556.0,57.0,736.0
270,88.0,49.0,21.0,557.0,59.0,736.0
271,88.0,50.0,20.0,556.0,58.0,736.0
272,88.0,48.0,21.0,557.0,58.0,736.0
273,87.0,50.0,20.0,557.0,57.0,736.0
274,88.0,49.0,21.0,556.0,58.0,735.0
275,88.0,48.0,21.0,557.0,57.0,736.0
276,88.0,49.0,21.0,556.0,58.0,736.0
277,88.0,48.0,22.0,556.0,59.0,736.0
278,89.0,49.0,21.0,557.0,59.0,735.0
279,88.0,48.0,21.0,556.0,58.0,736.0
280,89.0,49.0,21.0,557.0,58.0,737.0
281,88.0,50.0,21.0,556.0,58.0,735.0
282,89.0,50.0,21.0,557.0,58.0,736.0
283,88.0,49.0,21.0,557.0,59.0,736.0
284,88.0,50.0,20.0,557.0,58.0,735.0
285,89.0,48.0,20.0,557.0,58.0,735.0
286,87.0,49.0,21.0,557.0,58.0,736.0
287,88.0,49.0,21.0,557.0,58.0,736.0
288,88.0,49.0,21.0,557.0,58.0,736.0
289,88.0,50.0,21.0,556.0,59.0,736.0
290,89.0,50.0,21.0,556.0,57.0,737.0
291,88.0,49.0,22.0,556.0,58.0,736.0
292,88.0,50.0,22.0,556.0,59.0,736.0
293,87.0,50.0,22.0,556.0,58.0,735.0
294,89.0,49.0,21.0,557.0,58.0,736.0
295,89.0,50.0,22.0,557.0,58.0,736.0
296,88.0,48.0,20.0,556.0,58.0,736.0
297,88.0,49.0,20.0,556.0,58.0,736.0
298,88.0,50.0,20.0,556.0,58.0,736.0
299,89.0,48.0,21.0,556.0,58.0,736.0
300,88.0,49.0,21.0,557.0,59.0,736.0
301,88.0,50.0,21.0,556.0,58.0,736.0
302,89.0,49.0,21.0,556.0,58.0,736.0
303,88.0,49.0,21.0,556.0,59.0,736.0
304,88.0,49.0,22.0,556.0,59.0,736.0
305,89.0,50.0,22.0,556.0,58.0,737.0
306,89.0,49.0,20.0,556.0,57.0,736.0
307,89.0,50.0,22.0,557.0,58.0,737.0
308,88.0,49.0,20.0,556.0,59.0,735.0
309,88.0,50.0,20.0,557.0,59.0,736.0
310,89.0,48.0,22.0,557.0,58.0,736.0
311,87.0,49.0,21.0,558.0,58.0,736.0
312,88.0,50.0,21.0,557.0,58.0,736.0
313,88.0,48.0,21.0,557.0,58.0,737.0
314,88.0,49.0,21.0,556.0,58.0,735.0
315,88.0,49.0,21.0,556.0,58.0,737.0
316,87.0,49.0,21.0,557.0,59.0,737.0
317,88.0,48.0,21.0,557.0,58.0,736.0
318,88.0,50.0,22.0,557.0,57.0,735.0
319,89.0,50.0,21.0,557.0,58.0,736.0
320,88.0,50.0,22.0,556.0,59.0,736.0
321,89.0,49.0,21.0,557.0,58.0,736.0
322,88.0,49.0,21.0,557.0,59.0,736.0
323,88.0,49.0,22.0,557.0,58.0,735.0
324,87.0,49.0,20.0,557.0,58.0,736.0
325,88.0,49.0,21.0,556.0,58.0,736.0
326,87.0,48.0,21.0,557.0,58.0,736.0
327,88.0,49.0,22.0,557.0,57.0,735.0
328,88.0,50.0,21.0,557.0,57.0,737.0
329,88.0,50.0,21.0,557.0,59.0,737.0
330,88.0,48.0,21.0,557.0,58.0,735.0
331,88.0,50.0,20.0,557.0,59.0,736.0
332,88.0,48.0,21.0,557.0,58.0,737.0
333,88.0,48.0,20.0,557.0,59.0,736.0
334,88.0,48.0,21.0,557.0,57.0,736.0
335,88.0,48.0,21.0,558.0,58.0,736.0
336,89.0,48.0,22.0,556.0,58.0,736.0
337,88.0,48.0,21.0,556.0,59.0,736.0
338,89.0,50.0,21.0,557.0,58.0,736.0
339,88.0,49.0,21.0,556.0,57.0,736.0
340,88.0,50.0,21.0,556.0,59.0,737.0
341,88.0,50.0,21.0,556.0,59.0,736.0
342,89.0,49.0,22.0,556.0,58.0,737.0
343,88.0,49.0,21.0,557.0,58.0,736.0
344,88.0,49.0,21.0,557.0,57.0,736.0
345,88.0,49.0,20.0,556.0,58.0,736.0
346,89.0,50.0,22.0,557.0,57.0,735.0
347,89.0,50.0,21.0,556.0,58.0,736.0
348,88.0,50.0,21.0,557.0,59.0,736.0
349,88.0,50.0,20.0,556.0,59.0,736.0
350,89.0,50.0,21.0,558.0,58.0,736.0
351,89.0,50.0,21.0,556.0,57.0,735.0
352,88.0,49.0,21.0,557.0,58.0,736.0
353,88.0,49.0,21.0,557.0,59.0,737.0
354,88.0,50.0,21.0,556.0,58.0,737.0
355,88.0,50.0,21.0,556.0,58.0,736.0
356,89.0,50.0,21.0,557.0,58.0,737.0
357,89.0,50.0,21.0,557.0,58.0,736.0
358,88.0,49.0,20.0,557.0,58.0,736.0
359,89.0,48.0,21.0,557.0,58.0,735.0
360,88.0,49.0,22.0,557.0,58.0,736.0
361,89.0,48.0,22.0,557.0,58.0,736.0
362,88.0,50.0,21.0,557.0,59.0,736.0
363,88.0,49.0,21.0,556.0,58.0,737.0
364,88.0,50.0,21.0,557.0,58.0,736.0
365,89.0,49.0,21.0,556.0,59.0,737.0
366,89.0,49.0,22.0,557.0,59.0,736.0
367,88.0,50.0,21.0,557.0,58.0,737.0
368,88.0,50.0,20.0,556.0,58.0,736.0
369,88.0,49.0,21.0,556.0,58.0,735.0
370,88.0,48.0,21.0,557.0,58.0,736.0
371,88.0,49.0,21.0,557.0,57.0,736.0
372,88.0,50.0,21.0,557.0,58.0,736.0
373,88.0,49.0,20.0,557.0,59.0,736.0
374,87.0,49.0,22.0,556.0,58.0,736.0
375,88.0,49.0,21.0,557.0,59.0,736.0
376,89.0,49.0,21.0,557.0,59.0,737.0
377,88.0,49.0,21.0,557.0,59.0,737.0
378,88.0,49.0,21.0,556.0,57.0,736.0
379,88.0,51.0,20.0,556.0,58.0,736.0
380,89.0,50.0,22.0,557.0,57.0,736.0
381,88.0,50.0,22.0,556.0,58.0,737.0
382,88.0,49.0,21.0,557.0,57.0,736.0
383,88.0,49.0,22.0,557.0,58.0,736.0
384,88.0,49.0,22.0,556.0,58.0,736.0
385,89.0,49.0,22.0,556.0,59.0,736.0
386,88.0,49.0,21.0,557.0,58.0,736.0
387,89.0,50.0,21.0,557.0,59.0,737.0
388,89.0,49.0,21.0,557.0,57.0,735.0
389,88.0,49.0,21.0,556.0,58.0,736.0
390,88.0,49.0,21.0,556.0,58.0,737.0
391,89.0,49.0,21.0,556.0,59.0,737.0
392,88.0,50.0,20.0,557.0,59.0,736.0
393,88.0,48.0,21.0,557.0,58.0,736.0
394,89.0,48.0,20.0,556.0,57.0,736.0
395,88.0,50.0,21.0,557.0,58.0,737.0
396,89.0,50.0,20.0,558.0,58.0,736.0
397,88.0,50.0,21.0,557.0,59.0,735.0
398,88.0,49.0,20.0,556.0,59.0,736.0
399,88.0,49.0,21.0,557.0,59.0,737.0
400,87.0,49.0,22.0,557.0,58.0,737.0
401,88.0,49.0,21.0,556.0,58.0,737.0
402,89.0,49.0,21.0,557.0,59.0,737.0
403,88.0,49.0,20.0,556.0,58.0,738.0
404,88.0,50.0,20.0,557.0,58.0,736.0
405,89.0,49.0,21.0,557.0,58.0,737.0
406,88.0,49.0,20.0,557.0,58.0,736.0
407,89.0,49.0,21.0,557.0,59.0,737.0
408,88.0,50.0,21.0,556.0,59.0,737.0
409,89.0,48.0,21.0,557.0,58.0,736.0
410,88.0,49.0,21.0,557.0,59.0,735.0
411,88.0,49.0,21.0,556.0,58.0,737.0
412,88.0,50.0,22.0,557.0,58.0,737.0
413,88.0,49.0,21.0,557.0,58.0,737.0
414,88.0,49.0,21.0,557.0,59.0,737.0
415,88.0,49.0,21.0,557.0,59.0,736.0
416,88.0,50.0,22.0,557.0,58.0,737.0
417,89.0,49.0,22.0,557.0,58.0,737.0
418,88.0,47.0,22.0,557.0,58.0,737.0
419,88.0,48.0,20.0,557.0,58.0,738.0
420,89.0,50.0,21.0,557.0,58.0,736.0
421,88.0,48.0,22.0,556.0,59.0,737.0
422,88.0,49.0,22.0,556.0,58.0,736.0
423,88.0,50.0,22.0,557.0,58.0,736.0
424,89.0,50.0,21.0,556.0,58.0,737.0
425,88.0,48.0,22.0,557.0,59.0,736.0
426,88.0,49.0,21.0,557.0,58.0,737.0
427,88.0,49.0,22.0,557.0,58.0,736.0
428,88.0,49.0,21.0,557.0,58.0,736.0
429,87.0,50.0,21.0,557.0,57.0,737.0
430,88.0,48.0,22.0,557.0,58.0,736.0
431,88.0,50.0,21.0,557.0,58.0,736.0
432,87.0,48.0,22.0,557.0,58.0,736.0
433,89.0,50.0,21.0,557.0,59.0,737.0
434,89.0,49.0,21.0,557.0,58.0,737.0
435,89.0,48.0,21.0,556.0,58.0,737.0
436,88.0,50.0,21.0,556.0,59.0,736.0
437,88.0,49.0,21.0,557.0,58.0,736.0
438,88.0,49.0,22.0,557.0,59.0,737.0
439,88.0,50.0,21.0,557.0,59.0,737.0
440,89.0,50.0,21.0,557.0,58.0,737.0
441,88.0,48.0,22.0,556.0,58.0,737.0
442,88.0,50.0,22.0,556.0,58.0,737.0
443,89.0,49.0,22.0,556.0,57.0,737.0
444,88.0,51.0,22.0,556.0,58.0,737.0
445,88.0,49.0,22.0,557.0,58.0,736.0
446,88.0,49.0,21.0,558.0,58.0,736.0
447,89.0,49.0,21.0,557.0,58.0,737.0
448,87.0,49.0,21.0,557.0,59.0,736.0
449,88.0,50.0,20.0,557.0,59.0,736.0
450,89.0,49.0,22.0,557.0,59.0,736.0
451,88.0,50.0,21.0,557.0,57.0,737.0
452,88.0,49.0,21.0,557.0,59.0,737.0
453,88.0,49.0,22.0,556.0,59.0,737.0
454,88.0,48.0,21.0,556.0,59.0,737.0
455,88.0,50.0,20.0,556.0,58.0,736.0
456,88.0,50.0,21.0,556.0,58.0,736.0
457,88.0,50.0,22.0,557.0,57.0,736.0
458,88.0,50.0,20.0,557.0,58.0,737.0
459,88.0,49.0,21.0,557.0,58.0,736.0
460,88.0,50.0,21.0,557.0,58.0,737.0
461,88.0,49.0,21.0,556.0,58.0,736.0
462,89.0,49.0,21.0,558.0,60.0,737.0
463,88.0,49.0,21.0,557.0,59.0,737.0
464,89.0,49.0,21.0,557.0,58.0,737.0
465,89.0,50.0,21.0,557.0,58.0,736.0
466,88.0,49.0,22.0,557.0,58.0,737.0
467,88.0,50.0,21.0,557.0,58.0,737.0
468,88.0,50.0,22.0,557.0,59.0,737.0
469,87.0,50.0,21.0,557.0,58.0,736.0
470,88.0,50.0,21.0,557.0,58.0,737.0
471,88.0,49.0,21.0,557.0,58.0,737.0
472,89.0,49.0,21.0,556.0,58.0,737.0
473,89.0,50.0,21.0,557.0,58.0,736.0
474,89.0,50.0,22.0,557.0,58.0,737.0
475,88.0,49.0,20.0,558.0,58.0,737.0
476,88.0,49.0,21.0,557.0,59.0,737.0
477,89.0,49.0,21.0,557.0,59.0,737.0
478,88.0,49.0,21.0,557.0,58.0,737.0
479,87.0,49.0,21.0,557.0,59.0,737.0
480,88.0,50.0,22.0,556.0,57.0,736.0
481,89.0,50.0,21.0,557.0,58.0,736.0
482,89.0,48.0,20.0,557.0,58.0,736.0
483,89.0,50.0,22.0,557.0,59.0,737.0
484,88.0,50.0,21.0,556.0,58.0,736.0
485,89.0,49.0,22.0,557.0,58.0,736.0
486,88.0,49.0,21.0,557.0,57.0,737.0
487,87.0,49.0,21.0,557.0,58.0,736.0
488,87.0,50.0,22.0,556.0,58.0,737.0
489,88.0,48.0,21.0,558.0,58.0,737.0
490,88.0,49.0,21.0,557.0,58.0,737.0
491,88.0,50.0,21.0,557.0,58.0,737.0
492,89.0,51.0,22.0,557.0,58.0,738.0
493,88.0,51.0,20.0,556.0,58.0,737.0
494,88.0,49.0,21.0,557.0,57.0,737.0
495,89.0,49.0,20.0,557.0,57.0,736.0
496,88.0,50.0,21.0,556.0,58.0,736.0
497,88.0,48.0,22.0,557.0,59.0,736.0
498,88.0,49.0,21.0,557.0,58.0,737.0
499,88.0,50.0,21.0,557.0,59.0,737.0
500,88.0,49.0,21.0,557.0,60.0,736.0
501,88.0,50.0,21.0,558.0,59.0,737.0
502,88.0,49.0,22.0,556.0,59.0,737.0
503,88.0,49.0,22.0,556.0,58.0,737.0
504,88.0,49.0,21.0,557.0,58.0,738.0
505,89.0,50.0,21.0,557.0,58.0,737.0
506,87.0,49.0,22.0,557.0,58.0,736.0
507,88.0,49.0,20.0,557.0,58.0,737.0
508,89.0,48.0,22.0,557.0,58.0,737.0
509,87.0,49.0,22.0,557.0,58.0,736.0
510,88.0,50.0,21.0,556.0,59.0,736.0
511,88.0,50.0,21.0,557.0,58.0,737.0
512,87.0,50.0,21.0,556.0,59.0,736.0
513,88.0,50.0,21.0,557.0,58.0,737.0
514,88.0,49.0,21.0,557.0,59.0,737.0
515,89.0,49.0,21.0,557.0,58.0,737.0
516,88.0,50.0,22.0,557.0,58.0,737.0
517,88.0,49.0,21.0,557.0,59.0,736.0
518,88.0,49.0,20.0,557.0,58.0,737.0
519,89.0,49.0,22.0,557.0,57.0,737.0
520,89.0,49.0,20.0,556.0,59.0,736.0
521,88.0,49.0,22.0,557.0,59.0,737.0
522,88.0,49.0,20.0,557.0,57.0,737.0
523,87.0,50.0,21.0,558.0,58.0,737.0
524,89.0,48.0,22.0,557.0,58.0,736.0
525,89.0,50.0,20.0,557.0,58.0,736.0
526,88.0,50.0,22.0,557.0,58.0,737.0
527,88.0,49.0,21.0,557.0,58.0,737.0
528,88.0,49.0,22.0,557.0,58.0,737.0
529,88.0,50.0,22.0,557.0,58.0,737.0
530,89.0,49.0,21.0,557.0,58.0,737.0
531,89.0,50.0,22.0,557.0,58.0,737.0
532,89.0,49.0,21.0,556.0,58.0,737.0
533,88.0,49.0,21.0,557.0,58.0,737.0
534,88.0,48.0,22.0,557.0,58.0,737.0
535,88.0,49.0,22.0,556.0,58.0,735.0
536,88.0,48.0,22.0,558.0,59.0,737.0
537,88.0,48.0,21.0,557.0,58.0,737.0
538,88.0,49.0,21.0,557.0,58.0,737.0
539,88.0,50.0,20.0,557.0,58.0,737.0
540,88.0,49.0,21.0,557.0,58.0,737.0
541,89.0,50.0,21.0,557.0,58.0,737.0
542,89.0,50.0,22.0,556.0,58.0,737.0
543,88.0,51.0,20.0,556.0,58.0,738.0
544,88.0,49.0,20.0,557.0,57.0,737.0
545,88.0,51.0,20.0,557.0,59.0,737.0
546,89.0,49.0,21.0,558.0,58.0,737.0
547,88.0,48.0,20.0,557.0,59.0,736.0
548,88.0,48.0,20.0,557.0,58.0,737.0
549,88.0,48.0,21.0,557.0,59.0,737.0
550,87.0,49.0,22.0,556.0,58.0,737.0
551,89.0,49.0,21.0,557.0,58.0,737.0
552,88.0,49.0,21.0,558.0,59.0,737.0
553,88.0,50.0,21.0,556.0,58.0,737.0
554,88.0,49.0,22.0,556.0,58.0,737.0
555,89.0,49.0,20.0,556.0,58.0,737.0
556,88.0,50.0,20.0,557.0,58.0,737.0
557,88.0,50.0,21.0,557.0,58.0,737.0
558,88.0,49.0,22.0,557.0,59.0,736.0
559,88.0,49.0,21.0,557.0,58.0,737.0
560,89.0,50.0,21.0,557.0,58.0,736.0
561,89.0,50.0,21.0,557.0,58.0,736.0
562,89.0,50.0,21.0,557.0,58.0,737.0
563,88.0,48.0,21.0,557.0,58.0,737.0
564,88.0,50.0,21.0,557.0,58.0,737.0
565,89.0,50.0,21.0,557.0,58.0,738.0
566,88.0,49.0,21.0,557.0,58.0,737.0
567,89.0,49.0,21.0,556.0,58.0,737.0
568,89.0,51.0,21.0,557.0,57.0,737.0
569,89.0,48.0,21.0,557.0,59.0,737.0
570,89.0,49.0,21.0,557.0,59.0,737.0
571,88.0,49.0,20.0,557.0,58.0,736.0
572,88.0,49.0,21.0,557.0,58.0,737.0
573,88.0,49.0,22.0,557.0,58.0,737.0
574,89.0,50.0,20.0,557.0,58.0,737.0
575,88.0,50.0,21.0,557.0,59.0,736.0
576,88.0,49.0,20.0,557.0,58.0,736.0
577,88.0,48.0,22.0,557.0,58.0,738.0
578,88.0,50.0,21.0,556.0,58.0,737.0
579,88.0,49.0,21.0,556.0,58.0,737.0
580,88.0,50.0,22.0,557.0,57.0,737.0
581,87.0,49.0,22.0,557.0,57.0,736.0
582,88.0,49.0,21.0,556.0,58.0,736.0
583,89.0,49.0,21.0,557.0,57.0,736.0
584,88.0,49.0,20.0,557.0,58.0,736.0
585,88.0,49.0,21.0,556.0,59.0,736.0
586,88.0,48.0,21.0,557.0,58.0,737.0
587,88.0,50.0,21.0,556.0,58.0,737.0
588,88.0,49.0,21.0,557.0,58.0,737.0
589,88.0,50.0,21.0,557.0,59.0,737.0
590,88.0,49.0,21.0,556.0,57.0,737.0
591,87.0,48.0,21.0,557.0,57.0,737.0
592,89.0,50.0,21.0,556.0,58.0,738.0
593,88.0,50.0,20.0,556.0,58.0,737.0
594,89.0,49.0,20.0,556.0,58.0,737.0
595,89.0,49.0,20.0,556.0,58.0,736.0
596,88.0,48.0,21.0,557.0,58.0,737.0
597,88.0,49.0,21.0,557.0,58.0,737.0
598,88.0,49.0,22.0,557.0,58.0,737.0
599,89.0,49.0,20.0,557.0,59.0,737.0
600,88.0,49.0,21.0,558.0,58.0,737.0
601,88.0,50.0,21.0,557.0,58.0,737.0
602,88.0,50.0,21.0,557.0,58.0,738.0
603,88.0,49.0,22.0,556.0,59.0,736.0
604,88.0,50.0,21.0,557.0,59.0,736.0
605,89.0,49.0,21.0,557.0,58.0,738.0
606,89.0,50.0,21.0,557.0,57.0,736.0
607,89.0,49.0,22.0,556.0,59.0,736.0
608,89.0,48.0,20.0,557.0,57.0,736.0
609,88.0,50.0,20.0,557.0,58.0,736.0
610,88.0,49.0,21.0,557.0,58.0,736.0
611,89.0,49.0,22.0,557.0,59.0,737.0
612,89.0,49.0,22.0,557.0,58.0,738.0
613,89.0,49.0,21.0,557.0,58.0,737.0
614,88.0,49.0,20.0,557.0,57.0,736.0
615,88.0,49.0,22.0,557.0,58.0,737.0
616,88.0,49.0,21.0,556.0,58.0,736.0
617,88.0,47.0,21.0,556.0,58.0,737.0
618,89.0,49.0,21.0,558.0,58.0,737.0
619,89.0,48.0,21.0,556.0,59.0,737.0
620,88.0,49.0,21.0,557.0,58.0,737.0
621,88.0,49.0,21.0,556.0,58.0,736.0
622,89.0,49.0,20.0,556.0,58.0,737.0
623,88.0,50.0,21.0,557.0,58.0,737.0
624,88.0,49.0,20.0,557.0,59.0,737.0
625,88.0,48.0,20.0,557.0,58.0,737.0
626,89.0,48.0,21.0,556.0,58.0,736.0
627,88.0,48.0,20.0,557.0,57.0,737.0
628,89.0,50.0,21.0,557.0,58.0,737.0
629,89.0,50.0,21.0,556.0,59.0,736.0
630,88.0,49.0,21.0,557.0,58.0,737.0
631,88.0,49.0,21.0,557.0,58.0,736.0
632,88.0,49.0,22.0,557.0,59.0,737.0
633,88.0,50.0,21.0,557.0,59.0,736.0
634,88.0,50.0,21.0,556.0,58.0,736.0
635,88.0,49.0,22.0,557.0,58.0,736.0
636,89.0,49.0,22.0,557.0,58.0,737.0
637,89.0,49.0,20.0,557.0,58.0,737.0
638,88.0,50.0,21.0,557.0,59.0,737.0
639,88.0,49.0,22.0,556.0,58.0,737.0
640,88.0,49.0,21.0,556.0,59.0,738.0
641,88.0,49.0,22.0,557.0,59.0,736.0
642,88.0,50.0,21.0,556.0,58.0,737.0
643,88.0,50.0,22.0,557.0,58.0,737.0
644,89.0,49.0,20.0,557.0,58.0,736.0
645,89.0,50.0,22.0,557.0,59.0,737.0
646,88.0,50.0,21.0,557.0,58.0,736.0
647,87.0,50.0,22.0,556.0,59.0,736.0
648,88.0,49.0,21.0,557.0,58.0,737.0
649,88.0,50.0,20.0,557.0,58.0,736.0
650,88.0,50.0,21.0,557.0,58.0,737.0
651,89.0,49.0,21.0,557.0,58.0,737.0
652,88.0,48.0,21.0,556.0,59.0,737.0
653,88.0,50.0,21.0,556.0,59.0,737.0
654,88.0,49.0,22.0,557.0,58.0,737.0
655,88.0,49.0,22.0,557.0,57.0,738.0
656,89.0,49.0,21.0,557.0,58.0,736.0
657,89.0,50.0,22.0,557.0,58.0,737.0
658,88.0,48.0,20.0,558.0,58.0,735.0
659,89.0,49.0,20.0,557.0,58.0,736.0
660,88.0,49.0,20.0,558.0,58.0,736.0
661,88.0,49.0,21.0,557.0,58.0,737.0
662,88.0,48.0,20.0,556.0,58.0,736.0
663,88.0,50.0,21.0,557.0,59.0,737.0
664,88.0,50.0,22.0,557.0,59.0,737.0
665,88.0,49.0,20.0,556.0,57.0,737.0
666,88.0,49.0,22.0,556.0,57.0,737.0
667,89.0,49.0,21.0,556.0,58.0,737.0
668,87.0,50.0,20.0,556.0,58.0,736.0
669,88.0,49.0,21.0,557.0,59.0,736.0
670,88.0,48.0,22.0,556.0,58.0,737.0
671,88.0,48.0,22.0,557.0,59.0,736.0
672,88.0,49.0,20.0,557.0,58.0,736.0
673,89.0,49.0,22.0,556.0,58.0,736.0
674,88.0,48.0,21.0,557.0,58.0,737.0
675,88.0,49.0,21.0,557.0,59.0,737.0
676,88.0,50.0,20.0,557.0,58.0,737.0
677,89.0,49.0,21.0,557.0,58.0,737.0
678,88.0,50.0,20.0,556.0,58.0,736.0
679,88.0,49.0,21.0,557.0,58.0,736.0
680,89.0,48.0,21.0,557.0,58.0,737.0
681,89.0,50.0,22.0,557.0,58.0,737.0
682,88.0,49.0,20.0,557.0,58.0,736.0
683,88.0,50.0,21.0,557.0,58.0,736.0
684,88.0,51.0,21.0,557.0,59.0,736.0
685,88.0,48.0,21.0,557.0,58.0,736.0
686,88.0,49.0,22.0,557.0,57.0,737.0
687,89.0,48.0,21.0,557.0,58.0,737.0
688,88.0,50.0,22.0,557.0,58.0,737.0
689,88.0,50.0,21.0,557.0,58.0,737.0
690,89.0,50.0,21.0,557.0,58.0,737.0
691,89.0,49.0,22.0,556.0,57.0,738.0
692,89.0,49.0,21.0,557.0,58.0,737.0
693,88.0,50.0,22.0,556.0,58.0,737.0
694,88.0,49.0,22.0,557.0,58.0,736.0
695,88.0,49.0,21.0,556.0,59.0,737.0
696,89.0,50.0,22.0,557.0,58.0,736.0
697,87.0,49.0,22.0,557.0,59.0,736.0
698,89.0,48.0,22.0,556.0,58.0,737.0
699,89.0,50.0,21.0,557.0,58.0,737.0
700,87.0,48.0,21.0,556.0,58.0,736.0
701,89.0,48.0,21.0,557.0,58.0,737.0
702,88.0,49.0,21.0,557.0,58.0,737.0
703,88.0,49.0,21.0,557.0,58.0,737.0
704,88.0,50.0,21.0,557.0,58.0,737.0
705,89.0,49.0,20.0,556.0,57.0,737.0
706,89.0,49.0,20.0,557.0,58.0,737.0
707,89.0,49.0,21.0,557.0,58.0,737.0
708,88.0,48.0,21.0,557.0,57.0,736.0
709,88.0,50.0,20.0,557.0,58.0,736.0
710,89.0,48.0,22.0,556.0,58.0,736.0
711,89.0,48.0,21.0,558.0,58.0,737.0
712,88.0,49.0,21.0,557.0,59.0,738.0
713,89.0,48.0,21.0,557.0,59.0,737.0
714,89.0,47.0,21.0,557.0,58.0,737.0
715,89.0,49.0,22.0,556.0,57.0,736.0
716,88.0,48.0,21.0,556.0,58.0,737.0
717,87.0,48.0,21.0,557.0,58.0,737.0
718,89.0,48.0,22.0,557.0,58.0,737.0
719,89.0,48.0,21.0,558.0,58.0,736.0
720,88.0,49.0,22.0,557.0,58.0,737.0
721,89.0,48.0,20.0,557.0,59.0,737.0
722,89.0,50.0,21.0,558.0,59.0,737.0
723,88.0,48.0,20.0,557.0,58.0,737.0
724,89.0,48.0,20.0,558.0,58.0,737.0
725,88.0,48.0,21.0,557.0,59.0,737.0
726,88.0,48.0,21.0,557.0,57.0,737.0
727,88.0,48.0,22.0,556.0,57.0,738.0
728,88.0,49.0,21.0,557.0,58.0,737.0
729,87.0,49.0,20.0,556.0,59.0,737.0
730,89.0,49.0,21.0,557.0,57.0,737.0
731,88.0,49.0,21.0,556.0,57.0,737.0
732,88.0,48.0,21.0,556.0,58.0,736.0
733,89.0,50.0,21.0,557.0,58.0,738.0
734,88.0,48.0,21.0,556.0,59.0,736.0
735,88.0,50.0,21.0,557.0,59.0,737.0
736,88.0,50.0,21.0,557.0,58.0,737.0
737,89.0,50.0,21.0,557.0,59.0,738.0
738,88.0,48.0,22.0,558.0,59.0,737.0
739,88.0,49.0,20.0,557.0,58.0,738.0
740,88.0,49.0,21.0,557.0,59.0,738.0
741,88.0,49.0,22.0,556.0,58.0,738.0
742,88.0,49.0,23.0,556.0,58.0,738.0
743,88.0,49.0,22.0,557.0,58.0,737.0
744,88.0,50.0,20.0,556.0,59.0,737.0
745,88.0,50.0,21.0,557.0,59.0,737.0
746,88.0,49.0,22.0,557.0,58.0,737.0
747,88.0,49.0,21.0,556.0,59.0,737.0
748,88.0,50.0,20.0,557.0,58.0,738.0
749,88.0,48.0,21.0,556.0,59.0,737.0
750,88.0,49.0,20.0,556.0,57.0,737.0
751,88.0,49.0,21.0,557.0,58.0,737.0
752,88.0,50.0,21.0,556.0,59.0,737.0
753,88.0,50.0,21.0,556.0,58.0,738.0
754,88.0,49.0,22.0,557.0,58.0,738.0
755,88.0,49.0,22.0,557.0,58.0,738.0
756,88.0,49.0,20.0,556.0,59.0,737.0
757,87.0,50.0,21.0,557.0,59.0,737.0
758,88.0,49.0,20.0,557.0,58.0,737.0
759,89.0,48.0,22.0,557.0,59.0,738.0
760,88.0,50.0,21.0,557.0,58.0,737.0
761,89.0,50.0,21.0,557.0,57.0,737.0
762,88.0,49.0,20.0,556.0,59.0,738.0
763,88.0,48.0,21.0,558.0,59.0,738.0
764,88.0,48.0,21.0,557.0,58.0,738.0
765,87.0,50.0,21.0,557.0,59.0,737.0
766,88.0,49.0,22.0,557.0,58.0,737.0
767,88.0,49.0,22.0,556.0,57.0,738.0
768,88.0,48.0,21.0,557.0,58.0,736.0
769,88.0,49.0,21.0,556.0,58.0,737.0
770,88.0,48.0,21.0,556.0,58.0,737.0
771,88.0,50.0,22.0,557.0,57.0,737.0
772,88.0,50.0,21.0,556.0,58.0,736.0
773,88.0,49.0,21.0,557.0,59.0,738.0
774,88.0,49.0,21.0,557.0,58.0,738.0
775,88.0,49.0,21.0,557.0,59.0,738.0
776,88.0,49.0,20.0,557.0,58.0,737.0
777,88.0,49.0,21.0,557.0,58.0,737.0
778,88.0,50.0,21.0,556.0,58.0,737.0
779,88.0,50.0,22.0,557.0,58.0,738.0
780,88.0,50.0,21.0,557.0,58.0,738.0
781,89.0,50.0,21.0,556.0,58.0,737.0
782,89.0,49.0,21.0,556.0,58.0,737.0
783,88.0,49.0,20.0,557.0,58.0,737.0
784,88.0,49.0,22.0,557.0,57.0,737.0
785,88.0,49.0,22.0,556.0,58.0,737.0
786,89.0,50.0,21.0,557.0,59.0,737.0
787,88.0,49.0,21.0,556.0,58.0,737.0
788,88.0,48.0,21.0,557.0,57.0,738.0
789,89.0,49.0,21.0,556.0,58.0,737.0
790,88.0,50.0,21.0,556.0,58.0,737.0
791,88.0,51.0,21.0,556.0,58.0,738.0
792,89.0,49.0,22.0,556.0,59.0,738.0
793,89.0,50.0,21.0,556.0,57.0,737.0
794,88.0,49.0,21.0,557.0,59.0,737.0
795,89.0,50.0,22.0,557.0,58.0,737.0
796,88.0,49.0,22.0,557.0,57.0,737.0
797,88.0,49.0,20.0,556.0,59.0,737.0
798,88.0,50.0,22.0,557.0,58.0,737.0
799,88.0,48.0,21.0,556.0,58.0,738.0
800,88.0,49.0,21.0,558.0,58.0,737.0
801,88.0,50.0,21.0,557.0,58.0,737.0
802,88.0,50.0,21.0,558.0,58.0,737.0
803,88.0,50.0,22.0,557.0,59.0,737.0
804,88.0,48.0,21.0,558.0,59.0,737.0
805,88.0,49.0,20.0,557.0,58.0,737.0
806,87.0,50.0,22.0,556.0,57.0,738.0
807,87.0,49.0,22.0,557.0,58.0,737.0
808,89.0,49.0,20.0,557.0,58.0,736.0
809,88.0,50.0,20.0,557.0,58.0,737.0
810,88.0,49.0,22.0,557.0,59.0,737.0
811,89.0,48.0,22.0,557.0,58.0,737.0
812,89.0,49.0,20.0,557.0,58.0,737.0
813,88.0,49.0,21.0,557.0,57.0,737.0
814,88.0,48.0,20.0,556.0,58.0,737.0
815,89.0,50.0,21.0,557.0,57.0,738.0
816,88.0,49.0,21.0,557.0,58.0,738.0
817,89.0,50.0,21.0,558.0,58.0,737.0
818,89.0,49.0,21.0,557.0,58.0,737.0
819,87.0,49.0,22.0,558.0,59.0,737.0
820,88.0,50.0,21.0,557.0,57.0,737.0
821,88.0,49.0,22.0,557.0,59.0,738.0
822,88.0,50.0,21.0,557.0,59.0,736.0
823,88.0,49.0,20.0,557.0,59.0,737.0
824,89.0,49.0,20.0,557.0,58.0,738.0
825,88.0,49.0,21.0,557.0,58.0,738.0
826,88.0,49.0,22.0,557.0,59.0,738.0
827,89.0,50.0,22.0,556.0,58.0,738.0
828,88.0,49.0,20.0,556.0,58.0,737.0
829,88.0,49.0,21.0,557.0,59.0,738.0
830,89.0,49.0,22.0,557.0,57.0,738.0
831,88.0,49.0,20.0,557.0,58.0,738.0
832,88.0,49.0,21.0,557.0,59.0,736.0
833,89.0,50.0,21.0,557.0,58.0,737.0
834,89.0,48.0,21.0,558.0,59.0,737.0
835,88.0,50.0,20.0,557.0,58.0,738.0
836,88.0,50.0,22.0,557.0,57.0,737.0
837,89.0,48.0,21.0,557.0,59.0,737.0
838,88.0,49.0,22.0,556.0,58.0,738.0
839,88.0,49.0,21.0,557.0,57.0,737.0
840,88.0,49.0,21.0,557.0,59.0,737.0
841,88.0,49.0,21.0,557.0,58.0,738.0
842,88.0,49.0,20.0,557.0,57.0,738.0
843,89.0,49.0,22.0,557.0,57.0,737.0
844,88.0,49.0,22.0,557.0,58.0,737.0
845,88.0,48.0,21.0,558.0,58.0,737.0
846,89.0,49.0,22.0,557.0,59.0,737.0
847,88.0,49.0,21.0,557.0,59.0,736.0
848,88.0,48.0,22.0,557.0,58.0,737.0
849,88.0,49.0,20.0,557.0,58.0,737.0
850,88.0,49.0,21.0,557.0,58.0,738.0
851,88.0,49.0,20.0,557.0,59.0,738.0
852,89.0,49.0,21.0,557.0,58.0,737.0
853,88.0,49.0,20.0,557.0,58.0,738.0
854,87.0,49.0,20.0,557.0,58.0,738.0
855,88.0,49.0,20.0,557.0,58.0,738.0
856,87.0,50.0,21.0,557.0,59.0,737.0
857,89.0,50.0,21.0,557.0,59.0,737.0
Average,88.21520467836257,49.12046783625731,21.105263157894736,556.7052631578947,58.126315789473686,736.3251461988305
Outliers_Removed,0.0,0.0,0.0,0.0,2.0,1.0
